{
  "timestamp": "2026-05-01T00:40:52.482898",
  "n_companies": 50,
  "n_sectors": 5,
  "graph_nodes": 50,
  "graph_edges": 390,
  "mean_esg": 64.0740522097875,
  "std_esg": 5.619988653645344,
  "min_esg": 51.457620237803184,
  "max_esg": 73.05532556831699,
  "mean_e": 64.37718308680655,
  "mean_s": 60.61608162233049,
  "mean_g": 67.75469853863179
}